<?xml version="1.0" encoding="UTF-8"?>
<!DOCTYPE struts-config PUBLIC
       "-//Apache Software Foundation//DTD Struts Configuration 1.3//EN"
       "http://struts.apache.org/dtds/struts-config_1_3.dtd">
<struts-config>
	
	<global-forwards
		 type="org.apache.struts.action.ActionForward">
 		<forward 
 			name="Admin" 
 			path="admin.page"/>
 		<forward name="failure" path="/Error.jsp" />	
 			
 </global-forwards>
	<action-mappings>

		<action path="/login" type="example.controller.Login"
			 scope="request" validate="false">
			<forward name="Leader" path="/Leader.jsp" />
			<forward name="Developer" path="/Admin.jsp" />
			<forward name="failure" path="/Login.jsp" />
		</action>


		<action path="/addTask" type="example.controller.Task"
			scope="request" validate="false">
		</action>



		<action path="/task" type="example.controller.Task"
			scope="request" validate="false">
		</action>


		<action path="/getTask" type="example.controller.Task"
			scope="request" validate="false">
		</action>


		<action path="/getTasksByStatus" type="example.controller.Task"
			scope="request" validate="false">
		</action>



		<action path="/addTaskToEmployee"
			type="example.controller.Task" scope="request" validate="false">
		</action>


		<action path="/getTasksByEmployee"
			type="example.controller.Task" scope="request" validate="false">
		</action>



		<action path="/deleteTask" type="example.controller.Task"
			scope="request" validate="false">
		</action>


		<action path="/updateTask" type="example.controller.Task"
			scope="request" validate="false">
		</action>

		<action path="/TaskShowEditForm" type="example.controller.Task"
			scope="request" validate="false">
		</action>

		<action path="/listEmployee" type="example.controller.Employee"
			scope="request" validate="false">
		</action>

		<action path="/addEmployee" type="example.controller.Employee"
			scope="request" validate="false">
		</action>


		<action path="/updateEmployee"
			type="example.controller.Employee" scope="request" validate="false">
		</action>

		<action path="/deleteEmployee"
			type="example.controller.Employee" scope="request" validate="false">
		</action>

		<action path="/getEmployee" type="example.controller.Employee"
			scope="request" validate="false">
		</action>

		<action path="/getTeam" type="example.controller.Employee"
			scope="request" validate="false">
		</action>

	</action-mappings>
	<controller processorClass="org.apache.struts.tiles.TilesRequestProcessor"
bufferSize="4096" />


<plug-in className="org.apache.struts.tiles.TilesPlugin" >
    <set-property property="definitions-config" value="/WEB-INF/tiles-defs.xml" />
</plug-in>

</struts-config>