<?xml version="1.0" encoding="UTF-8"?>
 <!DOCTYPE tiles-definitions PUBLIC
       "-//Apache Software Foundation//DTD Tiles Configuration 1.1//EN"
       "http://jakarta.apache.org/struts/dtds/tiles-config_1_1.dtd">
<tiles-definitions>
<!-- Base Tiles Definition -->
<definition name="base.definition" path="/siteLayout.jsp">
<put name="header" value="/header.jsp" />
<put name="footer" value="/footer.jsp" />
</definition>
<!-- Tiles Definition of admin page -->
<definition name="admin.page" extends="base.definition">
<put name="title" value="Admin page" />
<put name="body" value="/Admin.jsp" />
</definition>

</tiles-definitions>